title,exp,link,edu,location
프로그래머(JAVA  Python  Oracle SQL) 및 PL  PM 모집,경력무관,https://www.jobkorea.co.kr/Recruit/GI_Read/41206906?Oem_Code=C1&logpath=1&stext=python&listno=1,대졸↑,인천 부평구
인사행정지원 아르바이트 (Python 활용) 모집,신입,https://www.jobkorea.co.kr/Recruit/GI_Read/41176430?Oem_Code=C1&logpath=1&stext=python&listno=2,학력무관,경기 성남시
차량용 SW Test 자동화 개발(Python) 및 검증,신입·경력,https://www.jobkorea.co.kr/Recruit/GI_Read/41173655?Oem_Code=C1&logpath=1&stext=python&listno=3,초대졸↑,인천 서구 외
TechLab Python 개발자 채용,경력,https://www.jobkorea.co.kr/Recruit/GI_Read/41169941?Oem_Code=C1&logpath=1&stext=python&listno=4,학력무관,서울 구로구
[개발자채용] Python 신입/경력 모집,신입·경력,https://www.jobkorea.co.kr/Recruit/GI_Read/40787061?Oem_Code=C1&logpath=1&stext=python&listno=5,학력무관,경기 안양시
[본사/대구] Java / Python 활용 / Android/ios/ 금융솔루션 개발자 채용 공고(경력  신입),신입·경력,https://www.jobkorea.co.kr/Recruit/GI_Read/40818902?Oem_Code=C1&logpath=1&stext=python&listno=6,초대졸↑,서울 금천구 외
연구소 IT개발(서버/백엔드/프론트엔드/Python/웹 퍼블리셔/QA 엔지니어) 대규모 채용,신입·경력1년↑,https://www.jobkorea.co.kr/Recruit/GI_Read/41232514?Oem_Code=C1&logpath=1&stext=python&listno=7,학력무관,서울 송파구
프로그램 개발자 모집(Machine Vision  AI(Python)  C  C#  C++),신입·경력5년↑,https://www.jobkorea.co.kr/Recruit/GI_Read/41417333?Oem_Code=C1&logpath=1&stext=python&listno=8,초대졸↑,경북 포항시 외
[SBS아카데미 노원] 주말 C언어  java  파이썬 강사 모집,경력무관,https://www.jobkorea.co.kr/Recruit/GI_Read/41417280?Oem_Code=C1&logpath=1&stext=python&listno=9,학력무관,서울 노원구
파이썬 개발자 채용,경력무관,https://www.jobkorea.co.kr/Recruit/GI_Read/41395759?Oem_Code=C1&logpath=1&stext=python&listno=10,학력무관,서울 영등포구 외
[방배] Senior  Backend Engineer - Python,경력4년↑,https://www.jobkorea.co.kr/Recruit/GI_Read/41399227?Oem_Code=C1&logpath=1&stext=python&listno=11,학력무관,서울 강남구 외
Python 인턴 개발자 채용,신입,https://www.jobkorea.co.kr/Recruit/GI_Read/41403108?Oem_Code=C1&logpath=1&stext=python&listno=12,대졸↑,서울 성동구
[컴퓨터 학원강사] 토요반(소규모강의) - OA  그래픽  코딩  ITQ  GTQ  컴퓨터교육 컴활  워드  코딩  스크래치  파이썬  C언어  자바  캐드,경력,https://www.jobkorea.co.kr/Recruit/GI_Read/41402467?Oem_Code=C1&logpath=1&stext=python&listno=13,초대졸↑,경기 파주시 외
[국민은행] JAVA Vue Python CTI 콜센터 계정계 운영 구축,경력3년↑,https://www.jobkorea.co.kr/Recruit/GI_Read/41402202?Oem_Code=C1&logpath=1&stext=python&listno=14,고졸↑,서울 금천구 외
AI기반 3세대 스마트팜 플랫폼 자바로직/파이썬 모델링 개발자,경력,https://www.jobkorea.co.kr/Recruit/GI_Read/41401855?Oem_Code=C1&logpath=1&stext=python&listno=15,대졸↑,전북 전주시 외
Python Django 서버 개발자 경력자 채용,경력2년↑,https://www.jobkorea.co.kr/Recruit/GI_Read/41391959?Oem_Code=C1&logpath=1&stext=python&listno=16,학력무관,서울 강서구
2023년 데이터분석  개발 (Python/JAVA/SAS) 정규직 채용,신입·경력1년↑,https://www.jobkorea.co.kr/Recruit/GI_Read/41389199?Oem_Code=C1&logpath=1&stext=python&listno=17,대졸↑,대전 유성구
[경력&신입]빅데이터솔루션개발-Python Java(정규직) 채용,신입·경력2년↑,https://www.jobkorea.co.kr/Recruit/GI_Read/41387159?Oem_Code=C1&logpath=1&stext=python&listno=18,초대졸↑,대전 유성구
[신입/경력] 온라인 광고 플랫폼 개발 (Python  PHP),신입·경력,https://www.jobkorea.co.kr/Recruit/GI_Read/41380190?Oem_Code=C1&logpath=1&stext=python&listno=19,초대졸↑,서울 중구
도전하기를 좋아하는  Python 백엔드 개발자 채용,경력5년↑,https://www.jobkorea.co.kr/Recruit/GI_Read/41370557?Oem_Code=C1&logpath=1&stext=python&listno=20,학력무관,서울 동대문구
프로그래머(JAVA  Python  Oracle SQL) 및 PL  PM 모집,경력무관,https://www.jobkorea.co.kr/Recruit/GI_Read/41206906?Oem_Code=C1&logpath=1&stext=python&listno=1,대졸↑,인천 부평구
인사행정지원 아르바이트 (Python 활용) 모집,신입,https://www.jobkorea.co.kr/Recruit/GI_Read/41176430?Oem_Code=C1&logpath=1&stext=python&listno=2,학력무관,경기 성남시
차량용 SW Test 자동화 개발(Python) 및 검증,신입·경력,https://www.jobkorea.co.kr/Recruit/GI_Read/41173655?Oem_Code=C1&logpath=1&stext=python&listno=3,초대졸↑,인천 서구 외
TechLab Python 개발자 채용,경력,https://www.jobkorea.co.kr/Recruit/GI_Read/41169941?Oem_Code=C1&logpath=1&stext=python&listno=4,학력무관,서울 구로구
[개발자채용] Python 신입/경력 모집,신입·경력,https://www.jobkorea.co.kr/Recruit/GI_Read/40787061?Oem_Code=C1&logpath=1&stext=python&listno=5,학력무관,경기 안양시
[본사/대구] Java / Python 활용 / Android/ios/ 금융솔루션 개발자 채용 공고(경력  신입),신입·경력,https://www.jobkorea.co.kr/Recruit/GI_Read/40818902?Oem_Code=C1&logpath=1&stext=python&listno=6,초대졸↑,서울 금천구 외
연구소 IT개발(서버/백엔드/프론트엔드/Python/웹 퍼블리셔/QA 엔지니어) 대규모 채용,신입·경력1년↑,https://www.jobkorea.co.kr/Recruit/GI_Read/41232514?Oem_Code=C1&logpath=1&stext=python&listno=7,학력무관,서울 송파구
프로그램 개발자 모집(Machine Vision  AI(Python)  C  C#  C++),신입·경력5년↑,https://www.jobkorea.co.kr/Recruit/GI_Read/41417333?Oem_Code=C1&logpath=1&stext=python&listno=8,초대졸↑,경북 포항시 외
[SBS아카데미 노원] 주말 C언어  java  파이썬 강사 모집,경력무관,https://www.jobkorea.co.kr/Recruit/GI_Read/41417280?Oem_Code=C1&logpath=1&stext=python&listno=9,학력무관,서울 노원구
파이썬 개발자 채용,경력무관,https://www.jobkorea.co.kr/Recruit/GI_Read/41395759?Oem_Code=C1&logpath=1&stext=python&listno=10,학력무관,서울 영등포구 외
[방배] Senior  Backend Engineer - Python,경력4년↑,https://www.jobkorea.co.kr/Recruit/GI_Read/41399227?Oem_Code=C1&logpath=1&stext=python&listno=11,학력무관,서울 강남구 외
Python 인턴 개발자 채용,신입,https://www.jobkorea.co.kr/Recruit/GI_Read/41403108?Oem_Code=C1&logpath=1&stext=python&listno=12,대졸↑,서울 성동구
[컴퓨터 학원강사] 토요반(소규모강의) - OA  그래픽  코딩  ITQ  GTQ  컴퓨터교육 컴활  워드  코딩  스크래치  파이썬  C언어  자바  캐드,경력,https://www.jobkorea.co.kr/Recruit/GI_Read/41402467?Oem_Code=C1&logpath=1&stext=python&listno=13,초대졸↑,경기 파주시 외
[국민은행] JAVA Vue Python CTI 콜센터 계정계 운영 구축,경력3년↑,https://www.jobkorea.co.kr/Recruit/GI_Read/41402202?Oem_Code=C1&logpath=1&stext=python&listno=14,고졸↑,서울 금천구 외
AI기반 3세대 스마트팜 플랫폼 자바로직/파이썬 모델링 개발자,경력,https://www.jobkorea.co.kr/Recruit/GI_Read/41401855?Oem_Code=C1&logpath=1&stext=python&listno=15,대졸↑,전북 전주시 외
Python Django 서버 개발자 경력자 채용,경력2년↑,https://www.jobkorea.co.kr/Recruit/GI_Read/41391959?Oem_Code=C1&logpath=1&stext=python&listno=16,학력무관,서울 강서구
2023년 데이터분석  개발 (Python/JAVA/SAS) 정규직 채용,신입·경력1년↑,https://www.jobkorea.co.kr/Recruit/GI_Read/41389199?Oem_Code=C1&logpath=1&stext=python&listno=17,대졸↑,대전 유성구
[경력&신입]빅데이터솔루션개발-Python Java(정규직) 채용,신입·경력2년↑,https://www.jobkorea.co.kr/Recruit/GI_Read/41387159?Oem_Code=C1&logpath=1&stext=python&listno=18,초대졸↑,대전 유성구
[신입/경력] 온라인 광고 플랫폼 개발 (Python  PHP),신입·경력,https://www.jobkorea.co.kr/Recruit/GI_Read/41380190?Oem_Code=C1&logpath=1&stext=python&listno=19,초대졸↑,서울 중구
도전하기를 좋아하는  Python 백엔드 개발자 채용,경력5년↑,https://www.jobkorea.co.kr/Recruit/GI_Read/41370557?Oem_Code=C1&logpath=1&stext=python&listno=20,학력무관,서울 동대문구
프리랜서 개발자 단기 채용 3개월 (Django  Python 운영),경력,https://www.jobkorea.co.kr/Recruit/GI_Read/41367831?Oem_Code=C1&logpath=1&stext=python&listno=21,고졸↑,서울 강남구
하이미디어컴퓨터학원(일산점) Java & Python을 활용한 빅데이터 서비스 개발자 강사채용 공고,경력무관,https://www.jobkorea.co.kr/Recruit/GI_Read/41365102?Oem_Code=C1&logpath=1&stext=python&listno=22,학력무관,경기 고양시 외
Python 개발자 정규직 채용,경력무관,https://www.jobkorea.co.kr/Recruit/GI_Read/41357501?Oem_Code=C1&logpath=1&stext=python&listno=23,학력무관,서울 금천구
개발자 [mqtt/node/java/jsp /c#/python],경력무관,https://www.jobkorea.co.kr/Recruit/GI_Read/41343639?Oem_Code=C1&logpath=1&stext=python&listno=24,학력무관,대전 서구 외
[씨제스걸리버스튜디오] 제작본부 TD팀 Python 개발자 신입 및 경력 모집,신입·경력2년↑,https://www.jobkorea.co.kr/Recruit/GI_Read/41338558?Oem_Code=C1&logpath=1&stext=python&listno=25,학력무관,경기 고양시
[신입] 파이썬 딥러닝 데이터분석,경력무관,https://www.jobkorea.co.kr/Recruit/GI_Read/41337605?Oem_Code=C1&logpath=1&stext=python&listno=26,학력무관,서울 중구
[TENDOM] 백엔드 개발자(Python  Django),신입,https://www.jobkorea.co.kr/Recruit/GI_Read/41335343?Oem_Code=C1&logpath=1&stext=python&listno=27,학력무관,서울 마포구
서버 개발자 & Web 개발자 모집(SpringBoot   Java  Python),경력2년↑,https://www.jobkorea.co.kr/Recruit/GI_Read/41323086?Oem_Code=C1&logpath=1&stext=python&listno=28,초대졸↑,경기 광명시
[핀테크] 백엔드 엔지니어 채용(Python),경력3년↑,https://www.jobkorea.co.kr/Recruit/GI_Read/41321159?Oem_Code=C1&logpath=1&stext=python&listno=29,학력무관,서울 중구
[연세IT미래교육원] KDT 빅데이터 교사 채용(자바 파이썬 DB AI 머신러닝 딥러닝 등),경력2년↑,https://www.jobkorea.co.kr/Recruit/GI_Read/41311600?Oem_Code=C1&logpath=1&stext=python&listno=30,학력무관,경기 수원시 외
[정규직] 자바/파이썬 개발자 채용 (경력),경력,https://www.jobkorea.co.kr/Recruit/GI_Read/41310907?Oem_Code=C1&logpath=1&stext=python&listno=31,학력무관,서울 금천구
(주)버블콘 백엔드 개발자(python) 채용,경력1년↑,https://www.jobkorea.co.kr/Recruit/GI_Read/41306323?Oem_Code=C1&logpath=1&stext=python&listno=32,학력무관,서울 구로구
파이썬 개발자 채용 (금융시장 시스템 트레이딩),경력무관,https://www.jobkorea.co.kr/Recruit/GI_Read/41292630?Oem_Code=C1&logpath=1&stext=python&listno=33,학력무관,경기 성남시
솔루션 개발팀 경력직 (기획 PM/Python 개발/디자이너) 3명 모집,경력3년↑,https://www.jobkorea.co.kr/Recruit/GI_Read/41290331?Oem_Code=C1&logpath=1&stext=python&listno=34,초대졸↑,서울 영등포구
Python Django 백엔드 개발자 모집,경력3년↑,https://www.jobkorea.co.kr/Recruit/GI_Read/41289616?Oem_Code=C1&logpath=1&stext=python&listno=35,학력무관,서울 영등포구
[전액무료] IT취업 자바/파이썬/인공지능/빅데이터 교육생 모집,신입·경력,https://www.jobkorea.co.kr/Recruit/GI_Read/41287422?Oem_Code=C1&logpath=1&stext=python&listno=36,학력무관,서울 영등포구 외
Java/JSP/Python/빅데이터/AI 분야 신입/경력직 채용,신입·경력,https://www.jobkorea.co.kr/Recruit/GI_Read/41270706?Oem_Code=C1&logpath=1&stext=python&listno=37,대졸↑,서울 송파구
[신촌이젠아카데미]파이썬프로그래밍 언어 기초 강사(월수금저녁),신입·경력1년↑,https://www.jobkorea.co.kr/Recruit/GI_Read/41270251?Oem_Code=C1&logpath=1&stext=python&listno=38,학력무관,서울 서대문구
[채용] C# S/W or Python 개발자 경력 우대,경력무관,https://www.jobkorea.co.kr/Recruit/GI_Read/41258317?Oem_Code=C1&logpath=1&stext=python&listno=39,초대졸↑,서울 금천구
[Python] 데이터 엔지니어 (신입/경력) 채용,신입·경력,https://www.jobkorea.co.kr/Recruit/GI_Read/41232110?Oem_Code=C1&logpath=1&stext=python&listno=40,대졸↑,서울 마포구 외
파이썬 개발자(Python Developer)가 필요해요,경력3년↑,https://www.jobkorea.co.kr/Recruit/GI_Read/41229978?Oem_Code=C1&logpath=1&stext=python&listno=41,학력무관,서울 강남구
REACT  PHP   PYTHON 개발자 채용,경력3년↑,https://www.jobkorea.co.kr/Recruit/GI_Read/41229954?Oem_Code=C1&logpath=1&stext=python&listno=42,초대졸↑,서울 영등포구
정보기술분야(HTML  CSS  JAVA  PYTHON) 야간 및 주말 훈련교사(강사) 채용,경력무관,https://www.jobkorea.co.kr/Recruit/GI_Read/41219914?Oem_Code=C1&logpath=1&stext=python&listno=43,학력무관,경기 부천시
자바(Java)기반 정보기술/파이썬/스프링/리엑트/반응형 웹/ 풀스택 강사구인,경력2년↑,https://www.jobkorea.co.kr/Recruit/GI_Read/41212872?Oem_Code=C1&logpath=1&stext=python&listno=44,초대졸↑,서울 강서구 외
python Data 전처리 업무 담당자 모집,경력무관,https://www.jobkorea.co.kr/Recruit/GI_Read/41212505?Oem_Code=C1&logpath=1&stext=python&listno=45,학력무관,대전 유성구
저녁주말 JAVA / 파이썬 강사님을 모집합니다.,경력무관,https://www.jobkorea.co.kr/Recruit/GI_Read/41201143?Oem_Code=C1&logpath=1&stext=python&listno=46,초대졸↑,인천 남동구 외
AI 엔지니어 채용 공고[python],경력무관,https://www.jobkorea.co.kr/Recruit/GI_Read/41191272?Oem_Code=C1&logpath=1&stext=python&listno=47,학력무관,대전 중구
python 인공지능개발자 신입채용[정규직],신입,https://www.jobkorea.co.kr/Recruit/GI_Read/41193069?Oem_Code=C1&logpath=1&stext=python&listno=48,대졸↑,대전 유성구 외
파이썬 스크립터 (Python Scripter) 모집,신입·경력,https://www.jobkorea.co.kr/Recruit/GI_Read/41177990?Oem_Code=C1&logpath=1&stext=python&listno=49,초대졸↑,서울 강남구 외
(중-고급/광화문/종각역/보험사)Under-Bot  Python 개발자  DjangoFrameWork,경력6년↑,https://www.jobkorea.co.kr/Recruit/GI_Read/41172395?Oem_Code=C1&logpath=1&stext=python&listno=50,학력무관,서울 종로구 외
헬리오센(주) Python 응용S/W 개발자 경력 채용,경력2년↑,https://www.jobkorea.co.kr/Recruit/GI_Read/41151393?Oem_Code=C1&logpath=1&stext=python&listno=51,초대졸↑,경기 성남시
공간정보기술㈜ Python QGIS 개발자 경력 채용,경력,https://www.jobkorea.co.kr/Recruit/GI_Read/41135933?Oem_Code=C1&logpath=1&stext=python&listno=52,학력무관,경기 성남시
[국비무료] 취업연계 교육(빅데이터&자바&파이썬),신입·경력,https://www.jobkorea.co.kr/Recruit/GI_Read/41129622?Oem_Code=C1&logpath=1&stext=python&listno=53,학력무관,부산 북구 외
파이썬(Python) 신입/경력 채용,경력무관,https://www.jobkorea.co.kr/Recruit/GI_Read/41129032?Oem_Code=C1&logpath=1&stext=python&listno=54,학력무관,경기 용인시
[패스오더] 급성장중인 스타트업 `백엔드 개발자` 채용(Spring  Python  MSA),신입·경력1년↑,https://www.jobkorea.co.kr/Recruit/GI_Read/41127211?Oem_Code=C1&logpath=1&stext=python&listno=55,학력무관,서울 강남구 외
백엔드 개발자 경력직 채용 (PHP/CodeIgniter  Python),경력2년↑,https://www.jobkorea.co.kr/Recruit/GI_Read/41116963?Oem_Code=C1&logpath=1&stext=python&listno=56,학력무관,서울 강서구
DB 엔지니어 및 Python 인재 채용,경력무관,https://www.jobkorea.co.kr/Recruit/GI_Read/41102785?Oem_Code=C1&logpath=1&stext=python&listno=57,대졸↑,서울 강남구 외
응용 소프트웨어 개발자(PYTHON) 경력직 채용,경력3년↑,https://www.jobkorea.co.kr/Recruit/GI_Read/41102125?Oem_Code=C1&logpath=1&stext=python&listno=58,대졸↑,경기 하남시
빅데이터/DataAnalysis/Python/JAVA/SAS 인재 채용,신입·경력1년↑,https://www.jobkorea.co.kr/Recruit/GI_Read/41101287?Oem_Code=C1&logpath=1&stext=python&listno=59,초대졸↑,서울 강남구
[재택] 파이썬 gui 개발 응용프로그램개발자 모집,신입·경력3년↑,https://www.jobkorea.co.kr/Recruit/GI_Read/41096514?Oem_Code=C1&logpath=1&stext=python&listno=60,학력무관,서울 강남구
웹  응용프로그램 경력직 (.NET  JAVA  Python 등),경력,https://www.jobkorea.co.kr/Recruit/GI_Read/41092933?Oem_Code=C1&logpath=1&stext=python&listno=61,학력무관,경기 성남시
(주)이랜서 공개 채용 - PYTHON 개발자,경력무관,https://www.jobkorea.co.kr/Recruit/GI_Read/41086551?Oem_Code=C1&logpath=1&stext=python&listno=62,대졸↑,서울 강남구
웹개발자 프론트엔드 PHP 자바스크립트 API연동 파이썬,경력1년↑,https://www.jobkorea.co.kr/Recruit/GI_Read/41072908?Oem_Code=C1&logpath=1&stext=python&listno=63,초대졸↑,경기 용인시
파이썬 Django 백엔드 개발자 모집,신입,https://www.jobkorea.co.kr/Recruit/GI_Read/41039844?Oem_Code=C1&logpath=1&stext=python&listno=64,초대졸↑,서울 강남구
백앤드/Python/Node.js 개발자 모집,경력무관,https://www.jobkorea.co.kr/Recruit/GI_Read/41029072?Oem_Code=C1&logpath=1&stext=python&listno=65,학력무관,서울 구로구
IT개발·데이터(Javascript  Python 데이터베이스) 채용합니다,경력무관,https://www.jobkorea.co.kr/Recruit/GI_Read/41019632?Oem_Code=C1&logpath=1&stext=python&listno=66,초대졸↑,서울 양천구
일본 도쿄  시스템 개발  모바일 앱개발 JAVA  Python  화상 인식 개발,경력3년↑,https://www.jobkorea.co.kr/Recruit/GI_Read/41016889?Oem_Code=C1&logpath=1&stext=python&listno=67,대졸↑,일본 도쿄
통계/빅데이터 분야 Python 인력모집,경력무관,https://www.jobkorea.co.kr/Recruit/GI_Read/41014939?Oem_Code=C1&logpath=1&stext=python&listno=68,대졸↑,서울 구로구 외
[국비전액무료] IT 취업 파이썬/인공지능/빅데이터 교육훈련생 모집,경력무관,https://www.jobkorea.co.kr/Recruit/GI_Read/40991968?Oem_Code=C1&logpath=1&stext=python&listno=69,학력무관,경기 수원시
프로그래머 모십니다 [java/jsp /c#/python],경력무관,https://www.jobkorea.co.kr/Recruit/GI_Read/40967913?Oem_Code=C1&logpath=1&stext=python&listno=70,학력무관,대전 서구 외
[Cloud/A.I./Datalake] B/E (Python  Go  Java) 개발자 채용,경력3년↑,https://www.jobkorea.co.kr/Recruit/GI_Read/40960309?Oem_Code=C1&logpath=1&stext=python&listno=71,대졸↑,서울 강남구 외
[국비전액무료] 빅데이터&자바&파이썬 전문인력 취업연계교육,신입·경력,https://www.jobkorea.co.kr/Recruit/GI_Read/40953229?Oem_Code=C1&logpath=1&stext=python&listno=72,학력무관,부산 북구 외
[이벌브소프트] Back End(Python) 개발자 채용,경력무관,https://www.jobkorea.co.kr/Recruit/GI_Read/40944330?Oem_Code=C1&logpath=1&stext=python&listno=73,초대졸↑,서울 서초구 외
(주)바이오커넥트 - [신입 및 경력] 생체정보 영상처리 알고리즘 개발(Python),경력무관,https://www.jobkorea.co.kr/Recruit/GI_Read/40935926?Oem_Code=C1&logpath=1&stext=python&listno=74,대졸↑,서울 서초구
[동경] WebApplication개발자모집 (Java Python경력자),경력2년↑,https://www.jobkorea.co.kr/Recruit/GI_Read/40879213?Oem_Code=C1&logpath=1&stext=python&listno=75,대졸↑,일본 도쿄
[더조은컴퓨터 구로캠퍼스] 빅데이터분석(파이썬  자바)기반 AI(머신러닝 딥러닝) 강사 채용,경력무관,https://www.jobkorea.co.kr/Recruit/GI_Read/40909526?Oem_Code=C1&logpath=1&stext=python&listno=76,학력무관,서울 구로구
자바/파이썬 기반 빅데이터 개발자 종합반 강의하실 강사님 모십니다.,경력,https://www.jobkorea.co.kr/Recruit/GI_Read/40834481?Oem_Code=C1&logpath=1&stext=python&listno=77,학력무관,경기 의정부시
O2O 플랫폼 웹(백엔드) 개발자 python  django 인턴 정규직 채용,경력무관,https://www.jobkorea.co.kr/Recruit/GI_Read/40821579?Oem_Code=C1&logpath=1&stext=python&listno=78,학력무관,서울 용산구 외
[경력] Solution/SW 웹개발자 채용 - JAVA/SPRING/Python,경력,https://www.jobkorea.co.kr/Recruit/GI_Read/40814934?Oem_Code=C1&logpath=1&stext=python&listno=79,학력무관,서울 강남구
OpenCV/MATLAB/TensorFlow/Python/C/C++/Linux 알고리즘 개발 (팀원)(팀장),신입·경력3년↑,https://www.jobkorea.co.kr/Recruit/GI_Read/40809250?Oem_Code=C1&logpath=1&stext=python&listno=80,대졸↑,서울 서초구 외
기업출강 강사 구인(파이썬  R  머신러닝  딥러닝  자연어 처리),경력5년↑,https://www.jobkorea.co.kr/Recruit/GI_Read/40748270?Oem_Code=C1&logpath=1&stext=python&listno=81,학력무관,서울 서초구 외
인공지능  빅데이터  IoT 분야 (자바 파이썬) 강사 모집,경력3년↑,https://www.jobkorea.co.kr/Recruit/GI_Read/40744100?Oem_Code=C1&logpath=1&stext=python&listno=82,대졸↑,대전 서구
교육용 SW개발에 참여할 초급개발자(파이썬.opencv.텐서플로우가능)를 찾습니다,경력무관,https://www.jobkorea.co.kr/Recruit/GI_Read/40728760?Oem_Code=C1&logpath=1&stext=python&listno=83,대졸↑,경기 수원시
[경력] 풀스택 (Javascript/React  Node.js/Python) 개발자 모집,경력3년↑,https://www.jobkorea.co.kr/Recruit/GI_Read/40680283?Oem_Code=C1&logpath=1&stext=python&listno=84,학력무관,서울 용산구
의료영상 개발자 모집(Python),신입·경력1년↑,https://www.jobkorea.co.kr/Recruit/GI_Read/40679767?Oem_Code=C1&logpath=1&stext=python&listno=85,대졸↑,서울 구로구 외
파이썬 저녁반/주말반(2월개강) 강사님을 모십니다.,신입·경력1년↑,https://www.jobkorea.co.kr/Recruit/GI_Read/40678130?Oem_Code=C1&logpath=1&stext=python&listno=86,초대졸↑,서울 종로구 외
JAVA 개발자(백엔드  python 등) 모집합니다(경력 3년이상),경력,https://www.jobkorea.co.kr/Recruit/GI_Read/41415643?Oem_Code=C1&logpath=1&stext=python&listno=87,학력무관,서울 영등포구
야간/주말 직업훈련교사(웹퍼블리셔/영상/쇼핑몰마케팅/자바파이썬),경력무관,https://www.jobkorea.co.kr/Recruit/GI_Read/41388081?Oem_Code=C1&logpath=1&stext=python&listno=88,초대졸↑,경기 고양시
[부산] 코딩 인공지능 파이썬 드론 메타버스 아두이노 초중고 강사/선생님 모집/프리랜서/투잡 가능,신입·경력,https://www.jobkorea.co.kr/Recruit/GI_Read/41385810?Oem_Code=C1&logpath=1&stext=python&listno=89,초대졸↑,부산 연제구 외
파이썬  웹퍼블리셔 강의하실 선생님을 모십니다.,경력,https://www.jobkorea.co.kr/Recruit/GI_Read/41385584?Oem_Code=C1&logpath=1&stext=python&listno=90,학력무관,서울 강동구
[하이미디어안산점] 주말반(일요일) 파이썬 강사님을 모십니다.,경력,https://www.jobkorea.co.kr/Recruit/GI_Read/41365210?Oem_Code=C1&logpath=1&stext=python&listno=91,고졸↑,경기 안산시
KB라이프생명  종합개인자산분석솔루션(PFMS)  Node.js  Python,경력9년↑,https://www.jobkorea.co.kr/Recruit/GI_Read/41364352?Oem_Code=C1&logpath=1&stext=python&listno=92,초대졸↑,서울 강남구
[경력] Python 데이터분석,경력3년↑,https://www.jobkorea.co.kr/Recruit/GI_Read/41342701?Oem_Code=C1&logpath=1&stext=python&listno=93,학력무관,서울 중구
[부산] 코딩 인공지능 파이썬 드론 메타버스 자율주행 초중고 강사/선생님 모집 시간조절 가능,신입·경력,https://www.jobkorea.co.kr/Recruit/GI_Read/41321356?Oem_Code=C1&logpath=1&stext=python&listno=94,초대졸↑,부산 연제구 외
(주) 아이팩토리 백엔드 경력 개발자 (Python  FastAPI) 공고,경력,https://www.jobkorea.co.kr/Recruit/GI_Read/41318196?Oem_Code=C1&logpath=1&stext=python&listno=95,학력무관,서울 서초구 외
C/C++/C# Java Python 기반의 응용 프로그래밍 및 시스템 프로그래머,신입·경력,https://www.jobkorea.co.kr/Recruit/GI_Read/41317231?Oem_Code=C1&logpath=1&stext=python&listno=96,초대졸↑,경기 안양시
Java스프링 강사채용(파이썬 가능자 우대),경력2년↑,https://www.jobkorea.co.kr/Recruit/GI_Read/41305401?Oem_Code=C1&logpath=1&stext=python&listno=97,초대졸↑,서울 영등포구
[에이젠글로벌]Python Backend Engineer,경력3년↑,https://www.jobkorea.co.kr/Recruit/GI_Read/41290949?Oem_Code=C1&logpath=1&stext=python&listno=98,대졸↑,서울 영등포구
[모비데이즈] R&D 백엔드/파이썬 개발자(Python  Node.js) 경력직 채용 (-3/31),경력2년↑,https://www.jobkorea.co.kr/Recruit/GI_Read/41281570?Oem_Code=C1&logpath=1&stext=python&listno=99,학력무관,서울 강남구
[천호캠퍼스] IT 프로그래밍(빅데이터&파이썬&자바) 강사채용,경력,https://www.jobkorea.co.kr/Recruit/GI_Read/41251670?Oem_Code=C1&logpath=1&stext=python&listno=100,초대졸↑,서울 강동구
자료구조  알고리즘 강사 채용 (팀장급) (C언어  PYTHON),경력2년↑,https://www.jobkorea.co.kr/Recruit/GI_Read/41223057?Oem_Code=C1&logpath=1&stext=python&listno=101,대졸↑,서울 양천구
코딩(아두이노  파이썬) 교육 강사 모집,경력무관,https://www.jobkorea.co.kr/Recruit/GI_Read/41217031?Oem_Code=C1&logpath=1&stext=python&listno=102,초대졸↑,대전 서구 외
소프트웨어개발자(S/W)개발 프로그래머(PYTHON) 정규직 모집,경력무관,https://www.jobkorea.co.kr/Recruit/GI_Read/41205073?Oem_Code=C1&logpath=1&stext=python&listno=103,대졸↑,부산 사상구
C#.Net/JAVA/Python 풀스택 개발자 (기초영어 가능자),경력5년↑,https://www.jobkorea.co.kr/Recruit/GI_Read/41151060?Oem_Code=C1&logpath=1&stext=python&listno=104,초대졸↑,유럽 아르메니아 외
프로그래밍 전문 강사 채용 (JAVA  자바  C  C#  C++  Android  Spring  JavaScript  Python 등 ),신입·경력,https://www.jobkorea.co.kr/Recruit/GI_Read/41117193?Oem_Code=C1&logpath=1&stext=python&listno=105,대졸↑,충남 천안시
세종컴퓨터학원 IT 강사님 모집(프리랜서 코딩 파이썬  C언어  OA  그래픽),신입,https://www.jobkorea.co.kr/Recruit/GI_Read/41100351?Oem_Code=C1&logpath=1&stext=python&listno=106,초대졸↑,세종 전지역
기업부설연구소 2023년도 Python 신입/경력 개발자 모집,경력무관,https://www.jobkorea.co.kr/Recruit/GI_Read/41097446?Oem_Code=C1&logpath=1&stext=python&listno=107,초대졸↑,대전 유성구
컴세바 동춘점 IT (C언어.JAVA.파이썬.알고리즘.창작물제작)시간강사및 전임강사모집),경력1년↑,https://www.jobkorea.co.kr/Recruit/GI_Read/41085057?Oem_Code=C1&logpath=1&stext=python&listno=108,석사↑,인천 연수구
(주)바이오커넥트 - [신입 및 경력] 영상처리 알고리즘 포팅(Python  C++),신입·경력,https://www.jobkorea.co.kr/Recruit/GI_Read/41072840?Oem_Code=C1&logpath=1&stext=python&listno=109,학력무관,서울 서초구
컴퓨터학원 코딩 강사 모집 - 파이썬  엔트리  유니티 등,경력무관,https://www.jobkorea.co.kr/Recruit/GI_Read/41073059?Oem_Code=C1&logpath=1&stext=python&listno=110,대졸↑,경기 김포시
빅데이터(자바  파이썬) 훈련강사 모집,경력무관,https://www.jobkorea.co.kr/Recruit/GI_Read/41065571?Oem_Code=C1&logpath=1&stext=python&listno=111,학력무관,대구 중구
IoT분야(C언어  파이썬)훈련교사 모집,경력3년↑,https://www.jobkorea.co.kr/Recruit/GI_Read/41057155?Oem_Code=C1&logpath=1&stext=python&listno=112,초대졸↑,경기 군포시
IT프로그래밍(빅데이터/파이썬/자바) 강사 채용,경력,https://www.jobkorea.co.kr/Recruit/GI_Read/41048766?Oem_Code=C1&logpath=1&stext=python&listno=113,초대졸↑,서울 강동구
소프트웨어 개발 (Python) 신입 및 경력 모집,신입·경력,https://www.jobkorea.co.kr/Recruit/GI_Read/41022657?Oem_Code=C1&logpath=1&stext=python&listno=114,대졸↑,서울 강남구
세종컴퓨터학원 IT 강사님 모집(프리랜서 코딩 파이썬  C언어  OA  그래픽),경력무관,https://www.jobkorea.co.kr/Recruit/GI_Read/40956126?Oem_Code=C1&logpath=1&stext=python&listno=115,초대졸↑,세종 전지역
[메르세데스 벤츠 코리아] SW Developer for MBUX Korean Voice Assistant (Python  Java) (ID: MER00029QK),경력3년↑,https://www.jobkorea.co.kr/Recruit/GI_Read/40949416?Oem_Code=C1&logpath=1&stext=python&listno=116,대졸↑,서울 중구
업계 최고 대우로 파이썬(Python) 개발자를 모십니다.,경력,https://www.jobkorea.co.kr/Recruit/GI_Read/40907015?Oem_Code=C1&logpath=1&stext=python&listno=117,학력무관,서울 강남구
C#/JAVA/파이썬 프로그래머 모집합니다 (완전초보 환영),경력무관,https://www.jobkorea.co.kr/Recruit/GI_Read/40840134?Oem_Code=C1&logpath=1&stext=python&listno=118,학력무관,서울 금천구 외
[정규직] 데이터분석 python R 초급 또는 중급인원을 구인합니다.,경력2년↑,https://www.jobkorea.co.kr/Recruit/GI_Read/40828487?Oem_Code=C1&logpath=1&stext=python&listno=119,학력무관,서울 강남구 외
파이썬/자바/it 선생님 모십니다,경력1년↑,https://www.jobkorea.co.kr/Recruit/GI_Read/40680583?Oem_Code=C1&logpath=1&stext=python&listno=120,초대졸↑,서울 마포구
개발자(Python) 경력직 채용,경력,https://www.jobkorea.co.kr/Recruit/GI_Read/40641234?Oem_Code=C1&logpath=1&stext=python&listno=121,대졸↑,서울 강남구
대졸 신입사원 채용(채용연계형 인턴),신입,https://www.jobkorea.co.kr/Recruit/GI_Read/41416630?Oem_Code=C1&logpath=1&stext=python&listno=122,대졸↑,서울 강남구
23년 상반기 KAI 신입사원 공개채용,신입,https://www.jobkorea.co.kr/Recruit/GI_Read/41335337?Oem_Code=C1&logpath=1&stext=python&listno=123,대졸↑,경남 사천시 외
2023 LG CNS 상반기 신입사원 채용,신입,https://www.jobkorea.co.kr/Recruit/GI_Read/41291647?Oem_Code=C1&logpath=1&stext=python&listno=124,대졸↑,서울 강서구
2023 상반기 ASML Korea 석 박사 신입사원 채용,신입,https://www.jobkorea.co.kr/Recruit/GI_Read/41324252?Oem_Code=C1&logpath=1&stext=python&listno=125,석사↑,경기 화성시 외
㈜쎄트렉아이 2023년 상반기 공개 채용 (우주/위성/방산/SW개발자/전자/기계/품질/IT/관리),신입·경력,https://www.jobkorea.co.kr/Recruit/GI_Read/41376952?Oem_Code=C1&logpath=1&stext=python&listno=126,대졸↑,대전 유성구 외
3월 신입/경력 그룹 수시채용,신입·경력,https://www.jobkorea.co.kr/Recruit/GI_Read/41397140?Oem_Code=C1&logpath=1&stext=python&listno=127,학력무관,서울 중구
2023년 IT 경력직 수시채용,경력5년↑,https://www.jobkorea.co.kr/Recruit/GI_Read/41391420?Oem_Code=C1&logpath=1&stext=python&listno=128,학력무관,서울 영등포구 외
2023년도 농협경제지주 전산직ㆍ경매직 직원 채용,경력무관,https://www.jobkorea.co.kr/Recruit/GI_Read/41391928?Oem_Code=C1&logpath=1&stext=python&listno=129,학력무관,서울
다인정공 각부문 신입/경력 채용공고,신입·경력,https://www.jobkorea.co.kr/Recruit/GI_Read/41380539?Oem_Code=C1&logpath=1&stext=python&listno=130,대졸↑,경기 시흥시 외
2023년 3월 홈앤쇼핑 부문별 경력직 수시채용,경력2년↑,https://www.jobkorea.co.kr/Recruit/GI_Read/41369102?Oem_Code=C1&logpath=1&stext=python&listno=131,대졸↑,서울 강서구
글로벌 서비스 플랫폼 개발 현대자동차 IT부문 대규모 경력 채용,경력,https://www.jobkorea.co.kr/Recruit/GI_Read/41376627?Oem_Code=C1&logpath=1&stext=python&listno=132,대졸↑,서울 서초구
롯데정보통신 2023년 3월 신입/경력 채용,신입·경력,https://www.jobkorea.co.kr/Recruit/GI_Read/41375265?Oem_Code=C1&logpath=1&stext=python&listno=133,대졸↑,서울 금천구 외
차량SW(전장/내비) 부문 경력사원 채용,경력2년↑,https://www.jobkorea.co.kr/Recruit/GI_Read/41376839?Oem_Code=C1&logpath=1&stext=python&listno=134,대졸↑,서울 강남구
NH투자증권 2023년 상반기 채용,신입·경력,https://www.jobkorea.co.kr/Recruit/GI_Read/41360399?Oem_Code=C1&logpath=1&stext=python&listno=135,대졸↑,서울 영등포구
한화컨버전스㈜ 채용전제형 인턴사원 모집공고,경력무관,https://www.jobkorea.co.kr/Recruit/GI_Read/41291537?Oem_Code=C1&logpath=1&stext=python&listno=136,대졸↑,경기 화성시
[NS홈쇼핑] TV 편성 기획/분석 신입사원 및 IT 경력사원 모집,신입·경력3년↑,https://www.jobkorea.co.kr/Recruit/GI_Read/41350801?Oem_Code=C1&logpath=1&stext=python&listno=137,학력무관,경기 성남시
2023년 세종그룹 사원모집,신입·경력,https://www.jobkorea.co.kr/Recruit/GI_Read/41320332?Oem_Code=C1&logpath=1&stext=python&listno=138,학력무관,서울 강동구 외
명품 이커머스 오케이몰 PHP 웹개발자 채용(주 35시간 근무),경력5년↑,https://www.jobkorea.co.kr/Recruit/GI_Read/41315168?Oem_Code=C1&logpath=1&stext=python&listno=139,학력무관,서울 중구
경력인재 채용(IT/AI/디자인),경력2년↑,https://www.jobkorea.co.kr/Recruit/GI_Read/41314817?Oem_Code=C1&logpath=1&stext=python&listno=140,학력무관,서울 중구
㈜시큐레이어 신입/경력 공개 채용,경력무관,https://www.jobkorea.co.kr/Recruit/GI_Read/41305160?Oem_Code=C1&logpath=1&stext=python&listno=141,학력무관,서울 성동구 외
위메프 Data Engineer/Data Analyst 경력 채용,경력3년↑,https://www.jobkorea.co.kr/Recruit/GI_Read/41296479?Oem_Code=C1&logpath=1&stext=python&listno=142,학력무관,서울 강남구
[잡코리아/알바몬] 신규 서비스 및 솔루션 개발,경력3년↑,https://www.jobkorea.co.kr/Recruit/GI_Read/41296740?Oem_Code=C1&logpath=1&stext=python&listno=143,대졸↑,서울 서초구 외
2023년도 KT R&D분야 경력/박사 채용 공고(1차),신입·경력,https://www.jobkorea.co.kr/Recruit/GI_Read/41283698?Oem_Code=C1&logpath=1&stext=python&listno=144,대졸↑,서울 서초구
2023년 상반기 공개채용,신입·경력,https://www.jobkorea.co.kr/Recruit/GI_Read/41256195?Oem_Code=C1&logpath=1&stext=python&listno=145,학력무관,경기 안양시 외
2023년 상반기 포스코그룹 신입/경력 채용,신입·경력,https://www.jobkorea.co.kr/Recruit/GI_Read/41252806?Oem_Code=C1&logpath=1&stext=python&listno=146,대졸↑,경북 포항시 외
[베스핀글로벌 자회사] Bespin Global Tech Center 채용연계형 교육훈련생 3기 모집,경력무관,https://www.jobkorea.co.kr/Recruit/GI_Read/41246182?Oem_Code=C1&logpath=1&stext=python&listno=147,대졸↑,부산 해운대구 외
엔씨소프트 부문별 수시 채용,신입·경력,https://www.jobkorea.co.kr/Recruit/GI_Read/41237742?Oem_Code=C1&logpath=1&stext=python&listno=148,학력무관,경기 성남시
신세계아이앤씨 SW개발/운영  기획  클라우드  AI  영업  보안 경력직 모집,경력,https://www.jobkorea.co.kr/Recruit/GI_Read/40761026?Oem_Code=C1&logpath=1&stext=python&listno=149,학력무관,서울 중구 외
23년 상반기 GS EPS 신입/경력 수시채용 및 보훈자 특별채용,신입·경력,https://www.jobkorea.co.kr/Recruit/GI_Read/41401466?Oem_Code=C1&logpath=1&stext=python&listno=150,초대졸↑,서울 강남구 외
병역특례 전문연구요원 및 각 분야별 신입/경력 직원모집(사업관리/제어/재무/연구/구매/영업 외),신입·경력,https://www.jobkorea.co.kr/Recruit/GI_Read/41361842?Oem_Code=C1&logpath=1&stext=python&listno=151,False,경기 안성시 외
[넥센타이어] 2023년 상반기 신입/경력 채용,신입·경력3년↑,https://www.jobkorea.co.kr/Recruit/GI_Read/41299738?Oem_Code=C1&logpath=1&stext=python&listno=152,대졸↑,경남
[네이버계열사][NIT Service] NAVER  LINE 서비스 플랫폼 운영,신입,https://www.jobkorea.co.kr/Recruit/GI_Read/41176533?Oem_Code=C1&logpath=1&stext=python&listno=153,학력무관,경기 성남시
2023 상반기 신입사원 모집,신입,https://www.jobkorea.co.kr/Recruit/GI_Read/41413558?Oem_Code=C1&logpath=1&stext=python&listno=154,대졸↑,경기 이천시 외
2023년 상반기 신입사원 공개채용,신입,https://www.jobkorea.co.kr/Recruit/GI_Read/41389838?Oem_Code=C1&logpath=1&stext=python&listno=155,초대졸↑,서울 서초구 외
[현대그룹] 2023 상반기 신입 매니저 채용,신입,https://www.jobkorea.co.kr/Recruit/GI_Read/41298443?Oem_Code=C1&logpath=1&stext=python&listno=156,대졸↑,충북 충주시 외
2023년 상반기 신입사원 채용,신입,https://www.jobkorea.co.kr/Recruit/GI_Read/41289116?Oem_Code=C1&logpath=1&stext=python&listno=157,대졸↑,서울 영등포구 외
(주)데이타솔루션 통계SW기술지원 신입사원 채용 공고,신입,https://www.jobkorea.co.kr/Recruit/GI_Read/41059540?Oem_Code=C1&logpath=1&stext=python&listno=158,초대졸↑,서울 강남구
2023 고퀄 각 부문 채용공고(백엔드개발  IOS개발  MD PM  서비스기획자),경력3년↑,https://www.jobkorea.co.kr/Recruit/GI_Read/41411856?Oem_Code=C1&logpath=1&stext=python&listno=159,학력무관,서울 금천구
2023 비엠텍시스템 경력사원 공개채용,경력2년↑,https://www.jobkorea.co.kr/Recruit/GI_Read/41398834?Oem_Code=C1&logpath=1&stext=python&listno=160,학력무관,서울 송파구 외
솔루션 코어엔진 개발 및 패킷 분석 엔지니어 모집,신입·경력,https://www.jobkorea.co.kr/Recruit/GI_Read/41391853?Oem_Code=C1&logpath=1&stext=python&listno=161,학력무관,서울 영등포구
[업계 최상위 대우 자부] 오픈마켓 멸치쇼핑 각 부문별 경력직 채용,경력2년↑,https://www.jobkorea.co.kr/Recruit/GI_Read/41402910?Oem_Code=C1&logpath=1&stext=python&listno=162,학력무관,서울 송파구
전 직무[마케팅/영업지원/물류자동화/개발/품질/회로설계/사업기획] 채용,신입·경력,https://www.jobkorea.co.kr/Recruit/GI_Read/41393686?Oem_Code=C1&logpath=1&stext=python&listno=163,초대졸↑,경기 성남시 외
(삼성SDS분사社) 비젠트로㈜ 상반기 경력/신입 공채(병역특례 가능),신입·경력,https://www.jobkorea.co.kr/Recruit/GI_Read/41384275?Oem_Code=C1&logpath=1&stext=python&listno=164,학력무관,경기 성남시
이카운트 상반기 신입 개발자 대규모 채용,신입,https://www.jobkorea.co.kr/Recruit/GI_Read/41384523?Oem_Code=C1&logpath=1&stext=python&listno=165,학력무관,서울 구로구
드론개발자  인사/총무  콘텐츠기획  3D 디자인  Unity 개발 담당자 모집,신입·경력,https://www.jobkorea.co.kr/Recruit/GI_Read/41376175?Oem_Code=C1&logpath=1&stext=python&listno=166,학력무관,서울 송파구
전산운용/마케팅(영업관리)/정보보호 관리자 모집,신입·경력,https://www.jobkorea.co.kr/Recruit/GI_Read/41375340?Oem_Code=C1&logpath=1&stext=python&listno=167,초대졸↑,경기 고양시
[전산 물류(시니어/주니어)  마케터] 많은 것을 얻고 누리며 성장하는 공간,경력무관,https://www.jobkorea.co.kr/Recruit/GI_Read/41375181?Oem_Code=C1&logpath=1&stext=python&listno=168,학력무관,서울 금천구 외
[한국타이어 지주사] 한국앤컴퍼니㈜ 23년 경력직 수시 채용,경력1년↑,https://www.jobkorea.co.kr/Recruit/GI_Read/41360273?Oem_Code=C1&logpath=1&stext=python&listno=169,초대졸↑,경기 성남시
[취업교육]자바 풀스택(프론트엔드&백엔드) 웹개발자 양성 취업교육 연수생 모집,신입·경력,https://www.jobkorea.co.kr/Recruit/GI_Read/41317011?Oem_Code=C1&logpath=1&stext=python&listno=170,학력무관,서울 영등포구 외
2023비투엔 각부문별 경력사원 모집,경력,https://www.jobkorea.co.kr/Recruit/GI_Read/41332055?Oem_Code=C1&logpath=1&stext=python&listno=171,학력무관,서울 영등포구 외
[메디컬 IT 기업] 디지털 헬스케어 사업부  경력직 채용,경력2년↑,https://www.jobkorea.co.kr/Recruit/GI_Read/41300677?Oem_Code=C1&logpath=1&stext=python&listno=172,초대졸↑,서울 강남구 외
[PMG KOREA] 2023 상반기 인턴/경력직 공개채용,신입·경력,https://www.jobkorea.co.kr/Recruit/GI_Read/41224441?Oem_Code=C1&logpath=1&stext=python&listno=173,학력무관,서울 강남구 외
정보보호 이상징후 탐지ㆍ대응 전문가 양성 과정,신입·경력,https://www.jobkorea.co.kr/Recruit/GI_Read/41274292?Oem_Code=C1&logpath=1&stext=python&listno=174,학력무관,경기 성남시
2023 신입공채 및 경력직 모집,신입·경력,https://www.jobkorea.co.kr/Recruit/GI_Read/41266405?Oem_Code=C1&logpath=1&stext=python&listno=175,학력무관,서울 강남구
[국비무료] 드론항공 영상촬영전문가 훈련생 모집,경력무관,https://www.jobkorea.co.kr/Recruit/GI_Read/41244366?Oem_Code=C1&logpath=1&stext=python&listno=176,초대졸↑,서울 전지역 외
[토마토체인] 웹개발자 / Frontend 개발자 / Backend 개발자 / 정보보안담당 / Android 개발자 / IOS 개발자,신입·경력,https://www.jobkorea.co.kr/Recruit/GI_Read/40968847?Oem_Code=C1&logpath=1&stext=python&listno=177,학력무관,서울 마포구
[취업연계] AI-IoT SW/자동화/전기/CAD/CAM 국비 기술교육생 모집,경력무관,https://www.jobkorea.co.kr/Recruit/GI_Read/40819030?Oem_Code=C1&logpath=1&stext=python&listno=178,학력무관,광주 광산구 외
각 부문 별 경력 및 신입사원 채용,신입·경력2년↑,https://www.jobkorea.co.kr/Recruit/GI_Read/41390821?Oem_Code=C1&logpath=1&stext=python&listno=179,학력무관,서울 금천구 외
데이터 랩 / 재경 / 마케팅 기획 / 콘텐츠 기획 및 작가 모집,경력,https://www.jobkorea.co.kr/Recruit/GI_Read/41374454?Oem_Code=C1&logpath=1&stext=python&listno=180,대졸↑,서울 서초구 외
